InstID,Walk,GPA,SATMath,SATReading,ACT
100654,00,2.66,450,450,19
100663,00,2.83,650,640,28
100690,00,2.57,NULL,NULL,NULL
100706,00,3.19,650,640,29
100724,00,2.55,480,480,19
100751,00,3.05,640,620,30
100812,00,2.55,NULL,NULL,NULL
100830,00,3.13,NULL,NULL,23
100858,00,2.6,650,620,30
100937,00,3.14,640,630,29
101189,00,2.72,NULL,NULL,NULL
101435,00,3.02,540,500,24
101453,00,2.71,NULL,NULL,NULL
101480,00,3.06,540,540,26
101541,00,2.96,600,640,24
101587,00,3.12,NULL,NULL,22
101675,00,3.33,NULL,NULL,NULL
101693,00,2.56,680,610,25
101709,00,2.75,550,613,26
101879,00,3.1,530,565,25
101912,00,2.59,510,513,22
102049,00,3.08,610,630,28
102058,00,2.8,NULL,NULL,NULL
102094,00,3.36,565,550,26
102234,00,2.75,600,600,27
102261,00,3.09,NULL,NULL,25
102270,00,2.96,438,450,20
102298,00,3.39,NULL,NULL,NULL
102368,00,3.08,NULL,NULL,24
102377,00,2.99,520,510,22
102395,00,3.1,NULL,NULL,NULL
102553,00,3.18,NULL,NULL,NULL
102614,00,3.4,NULL,NULL,NULL
102632,00,3.47,NULL,NULL,NULL
102669,00,2.98,510,575,24
103723,00,3.37,NULL,NULL,NULL
104151,00,2.97,650,620,28
104179,00,3.44,630,600,27
104188,00,2.88,NULL,NULL,NULL
104531,00,2.73,NULL,NULL,NULL
104586,00,2.84,650,630,29
104665,00,3.14,NULL,NULL,NULL
104717,00,2.72,NULL,NULL,NULL
105330,00,2.88,580,580,25
105367,00,2.71,NULL,NULL,NULL
105516,00,3.5,NULL,NULL,NULL
105589,00,2.6,600,640,30
105899,00,3.24,600,580,25
106102,00,3.14,NULL,NULL,NULL
106245,00,3.05,480,480,27
106263,00,3.43,NULL,NULL,NULL
106342,00,3.05,610,600,28
106397,00,3.1,630,600,28
106412,00,3.26,493,430,20
106458,00,2.74,548,515,26
106467,00,3.09,520,490,25
106704,00,2.96,NULL,NULL,26
106713,00,2.99,670,590,23
107044,00,2.59,620,630,28
107071,00,3.35,590,538,24
107080,00,2.99,650,680,32
107141,00,3.17,640,640,28
107512,00,2.98,580,550,27
107558,00,3.3,550,550,26
107600,00,3.31,NULL,NULL,NULL
107877,00,3.34,510,430,24
107983,00,3.37,590,520,24
108092,00,2.84,620,540,25
108232,00,2.58,NULL,NULL,NULL
109651,00,2.71,NULL,NULL,NULL
109785,00,2.79,610,600,27
110060,00,3.13,NULL,NULL,NULL
110097,00,2.63,620,620,27
110185,00,2.73,NULL,NULL,NULL
110316,00,3.12,NULL,NULL,NULL
110361,00,3.06,560,550,24
110370,00,3.05,NULL,NULL,NULL
110404,00,3.5,800,800,35
110413,00,2.5,613,590,26
110422,00,2.72,690,650,30
110468,00,3.11,NULL,NULL,NULL
110486,00,3.09,520,500,22
110495,00,2.57,520,510,22
110510,00,3.29,510,490,20
110529,00,2.99,620,570,26
110538,00,2.67,570,550,24
110547,00,2.71,470,470,19
110556,00,2.61,530,510,22
110565,00,2.55,580,550,24
110574,00,2.82,520,500,22
110583,00,3.38,590,550,24
110592,00,3.22,510,480,20
110608,00,2.7,530,510,22
110617,00,3.25,540,520,22
110635,00,2.86,770,720,33
110644,00,2.6,680,640,29
110653,00,2.66,670,600,27
110662,00,3.44,760,680,31
110671,00,2.63,630,580,25
110680,00,2.56,730,660,31
110705,00,2.96,690,650,29
110714,00,2.53,620,610,26
111081,00,2.51,NULL,NULL,NULL
111188,00,2.56,610,580,26
111948,00,3.49,660,640,29
111966,00,3.2,383,405,NULL
112075,00,2.55,560,550,25
112084,00,3.03,550,570,22
112260,00,2.85,760,740,33
112394,00,3.32,NULL,NULL,NULL
112570,00,2.91,NULL,NULL,NULL
113582,00,3.29,NULL,NULL,NULL
113607,00,2.54,NULL,NULL,NULL
113698,00,3.15,590,570,25
114813,00,3.3,550,550,22
115083,00,2.66,NULL,NULL,NULL
115409,00,2.59,800,760,35
115728,00,2.78,500,500,21
115755,00,3.44,560,580,24
115773,00,3.37,NULL,NULL,NULL
116712,00,2.76,NULL,NULL,NULL
116846,00,2.59,NULL,NULL,NULL
117104,00,3.3,515,520,22
117113,00,2.69,NULL,NULL,NULL
117140,00,3.09,580,550,25
117168,00,2.59,NULL,NULL,NULL
117557,00,3.15,NULL,NULL,NULL
117575,00,3.3,NULL,NULL,NULL
117627,00,2.76,530,510,22
117636,00,3.4,NULL,NULL,NULL
117751,00,3.46,610,620,27
117928,00,3.37,NULL,NULL,NULL
117946,00,3.28,650,640,29
118693,00,3.02,565,532,25
118888,00,2.78,610,640,28
119058,00,3.05,NULL,NULL,NULL
119173,00,2.96,520,510,22
119544,00,2.62,NULL,NULL,NULL
119605,00,2.82,NULL,NULL,NULL
119775,00,2.51,NULL,NULL,NULL
120166,00,3.29,NULL,NULL,NULL
120184,00,2.57,560,550,22
120254,00,2.98,700,700,31
120403,00,2.86,580,550,25
120537,00,3.19,528,538,22
120698,00,2.88,NULL,NULL,NULL
120768,00,3.44,NULL,NULL,NULL
120838,00,3.24,NULL,NULL,NULL
120865,00,2.88,580,570,25
120883,00,3.01,680,640,29
121150,00,3.16,680,660,NULL
121257,00,2.86,NULL,NULL,NULL
121309,00,2.98,630,630,28
121345,00,3.32,780,760,34
121381,00,3.19,NULL,NULL,NULL
121691,00,3.45,620,610,27
121983,00,2.66,NULL,NULL,NULL
122296,00,3.42,NULL,NULL,NULL
122409,00,3.14,610,590,26
122436,00,3.38,670,650,30
122454,00,2.78,560,600,27
122506,00,2.7,NULL,NULL,NULL
122597,00,2.68,560,550,24
122612,00,2.77,640,630,27
122728,00,2.93,580,580,25
122755,00,2.99,600,550,25
122843,00,3.43,NULL,NULL,NULL
122931,00,3.33,700,680,31
123165,00,2.63,720,733,32
123280,00,3.32,NULL,NULL,NULL
123457,00,3.36,580,570,23
123554,00,2.62,610,600,27
123572,00,3.33,560,550,24
123633,00,3.49,NULL,NULL,NULL
123651,00,2.53,520,550,28
123952,00,3.24,708,588,23
123961,00,2.78,760,720,33
124292,00,3.44,640,700,31
125231,00,3.0,NULL,NULL,NULL
125727,00,3.28,660,650,29
125763,00,2.97,580,570,25
125897,00,2.66,550,540,25
126076,00,3.35,NULL,NULL,NULL
126182,00,2.64,550,533,22
126562,00,3.48,605,600,26
126580,00,2.71,600,580,25
126614,00,2.54,650,630,29
126669,00,3.13,NULL,NULL,NULL
126678,00,2.89,720,710,32
126775,00,2.87,720,670,31
126818,00,2.8,630,620,27
126827,00,2.53,NULL,NULL,NULL
127024,00,2.53,NULL,NULL,NULL
127060,00,3.31,660,660,30
127185,00,3.03,580,570,25
127556,00,3.39,550,540,23
127565,00,2.73,610,590,23
127653,00,3.1,NULL,NULL,NULL
127680,00,3.03,NULL,NULL,NULL
127714,00,2.56,NULL,NULL,NULL
127741,00,2.76,570,570,24
127918,00,3.37,590,600,27
127945,00,2.62,NULL,NULL,NULL
128106,00,3.26,540,510,23
128328,00,3.02,710,690,32
128391,00,3.02,550,560,24
128425,00,2.69,NULL,NULL,NULL
128498,00,2.88,480,480,NULL
128744,00,2.86,510,500,22
128771,00,3.44,560,540,25
128780,00,3.0,NULL,NULL,NULL
128902,00,3.22,NULL,NULL,NULL
129020,00,2.9,680,650,30
129215,00,2.67,550,550,24
129242,00,3.07,NULL,NULL,NULL
129525,00,2.76,580,570,26
129534,00,2.95,NULL,NULL,NULL
129686,00,3.17,NULL,NULL,NULL
129774,00,3.2,NULL,NULL,NULL
129941,00,3.16,580,550,25
130110,00,2.73,NULL,NULL,NULL
130183,00,2.83,490,470,22
130226,00,3.11,610,580,27
130253,00,3.07,NULL,NULL,NULL
130314,00,3.43,520,520,22
130493,00,3.47,510,510,22
130590,00,3.17,670,680,29
130624,00,2.52,690,670,30
130697,00,2.62,740,740,33
130776,00,2.8,NULL,NULL,NULL
130794,00,3.43,790,800,35
130934,00,3.05,490,480,19
130943,00,3.34,650,630,29
130989,00,3.25,NULL,NULL,NULL
131098,00,3.42,475,470,23
131113,00,2.83,NULL,NULL,NULL
131159,00,2.95,660,690,30
131283,00,3.38,610,610,27
131308,00,2.81,NULL,NULL,NULL
131399,00,3.17,NULL,NULL,NULL
131450,00,2.8,495,435,20
131469,00,2.7,700,690,31
131496,00,2.88,750,750,33
131520,00,2.97,590,590,26
131803,00,2.71,NULL,NULL,NULL
131876,00,3.44,NULL,NULL,NULL
132408,00,2.73,510,610,27
132471,00,3.21,520,520,21
132602,00,2.63,450,460,18
132657,00,3.44,530,520,22
132842,00,3.09,NULL,NULL,NULL
132879,00,2.91,520,570,24
132903,00,3.26,640,630,28
133085,00,3.18,550,580,25
133465,00,2.62,NULL,NULL,NULL
133492,00,3.37,610,620,28
133526,00,2.74,440,440,18
133553,00,2.89,640,590,27
133650,00,3.14,510,520,22
133669,00,2.86,570,560,24
133711,00,3.48,550,580,25
133872,00,2.92,490,480,20
133881,00,2.92,650,610,28
133951,00,2.83,590,590,26
133979,00,2.95,NULL,NULL,NULL
134079,00,3.03,590,590,27
134097,00,3.06,640,640,29
134130,00,3.15,690,670,31
134237,00,2.73,NULL,NULL,NULL
134510,00,2.93,NULL,NULL,NULL
134680,00,2.72,NULL,NULL,NULL
134811,00,2.64,NULL,NULL,NULL
134945,00,2.73,560,550,24
135364,00,2.58,NULL,NULL,NULL
135610,00,3.08,NULL,NULL,NULL
135726,00,3.29,720,700,32
136172,00,2.59,610,620,26
136206,00,2.92,520,500,23
136215,00,3.39,600,590,27
136330,00,3.41,590,590,26
136774,00,2.89,NULL,NULL,NULL
136950,00,3.22,650,640,29
137032,00,2.81,NULL,NULL,NULL
137148,00,2.54,NULL,NULL,NULL
137272,00,2.69,NULL,NULL,NULL
137351,00,2.71,640,620,28
137476,00,3.19,500,510,21
137546,00,3.06,630,640,28
137564,00,3.02,530,550,23
137777,00,3.48,NULL,NULL,NULL
137847,00,3.45,580,570,26
137953,00,2.53,490,490,23
137962,00,3.36,NULL,NULL,NULL
138275,00,3.14,500,490,21
138293,00,2.98,547,530,24
138354,00,3.04,560,570,26
138600,00,3.15,NULL,NULL,NULL
138716,00,2.77,470,480,20
138789,00,2.94,540,550,23
138813,00,2.68,NULL,NULL,NULL
138868,00,3.34,510,535,22
138947,00,3.19,470,470,21
138983,00,3.13,NULL,NULL,NULL
139144,00,3.26,630,640,29
139153,00,3.47,NULL,NULL,NULL
139199,00,3.43,500,550,21
139205,00,2.74,500,490,20
139287,00,2.86,NULL,NULL,NULL
139311,00,3.31,510,520,21
139366,00,3.29,540,550,23
139393,00,2.58,630,670,28
139533,00,2.81,NULL,NULL,NULL
139579,00,2.97,NULL,NULL,NULL
139630,00,2.76,530,510,NULL
139658,00,3.17,750,710,32
139719,00,3.0,450,460,NULL
139755,00,3.43,760,700,32
139764,00,2.83,520,520,22
139861,00,3.16,620,610,26
139931,00,2.64,600,590,25
139940,00,3.35,590,580,25
139959,00,3.03,670,660,30
140164,00,3.26,580,590,24
140234,00,3.24,540,550,23
140252,00,3.06,NULL,NULL,NULL
140322,00,2.65,NULL,NULL,NULL
140340,00,3.33,NULL,NULL,NULL
140401,00,3.28,NULL,NULL,NULL
140447,00,3.05,640,630,28
140553,00,2.88,560,550,23
140669,00,2.8,NULL,NULL,NULL
140696,00,2.9,610,630,27
140720,00,3.39,440,430,18
140818,00,2.83,540,560,24
140872,00,2.57,586,590,25
140951,00,3.5,580,600,27
140960,00,2.54,460,460,19
140988,00,2.76,530,530,23
141060,00,2.71,540,570,24
141097,00,3.26,630,600,26
141167,00,2.62,NULL,NULL,NULL
141185,00,3.37,570,590,23
141237,00,2.81,520,530,22
141264,00,2.93,550,570,24
141325,00,3.03,560,570,22
141334,00,3.35,510,520,22
141361,00,3.17,530,550,24
141486,00,2.94,540,520,23
141565,00,2.8,550,540,23
141574,00,2.67,610,580,27
141644,00,3.25,560,550,25
141981,00,2.57,500,480,22
142090,00,2.59,550,560,23
142115,00,3.08,580,570,26
142276,00,3.45,NULL,NULL,NULL
142285,00,3.21,590,590,26
142294,00,3.01,590,570,27
142328,00,2.83,520,510,22
142461,00,3.32,570,590,28
142522,00,2.74,560,560,25
142887,00,2.88,NULL,NULL,NULL
143048,00,2.74,670,NULL,28
143084,00,3.2,NULL,NULL,NULL
143118,00,3.3,560,560,24
143288,00,2.81,620,570,25
143297,00,2.96,NULL,NULL,NULL
143358,00,3.16,630,640,28
144005,00,2.86,530,510,20
144050,00,3.39,790,800,35
144281,00,2.83,NULL,NULL,NULL
144351,00,2.53,580,590,24
144740,00,3.05,630,630,28
144759,00,2.98,NULL,NULL,NULL
144883,00,2.62,NULL,NULL,NULL
144892,00,3.27,NULL,NULL,24
144962,00,3.31,580,550,26
144971,00,2.79,650,665,26
145336,00,3.47,NULL,NULL,NULL
145372,00,2.85,595,550,25
145460,00,2.82,NULL,NULL,NULL
145497,00,3.3,550,600,24
145600,00,3.07,640,600,26
145619,00,3.41,NULL,NULL,25
145637,00,3.13,780,670,31
145646,00,3.19,740,620,30
145691,00,3.34,580,540,25
145725,00,2.76,740,640,30
145770,00,2.63,NULL,NULL,NULL
145813,00,3.26,NULL,NULL,26
146010,00,3.3,NULL,NULL,NULL
146339,00,3.37,590,540,27
146393,00,2.62,NULL,NULL,NULL
146427,00,2.86,NULL,NULL,NULL
146481,00,2.59,620,620,28
146533,00,2.7,NULL,NULL,NULL
146612,00,3.12,590,550,26
146621,00,3.12,NULL,NULL,20
146667,00,2.99,400,500,24
146719,00,2.69,630,630,29
146825,00,2.94,540,470,22
147013,00,2.97,530,520,25
147129,00,3.35,NULL,NULL,23
147244,00,3.01,580,570,26
147341,00,2.81,510,540,25
147369,00,3.27,NULL,NULL,NULL
147536,00,2.87,NULL,NULL,NULL
147590,00,2.84,NULL,NULL,NULL
147660,00,2.98,NULL,NULL,27
147679,00,2.79,580,NULL,25
147703,00,3.5,580,550,24
147767,00,3.34,790,760,34
147776,00,3.43,NULL,NULL,21
147828,00,3.38,NULL,NULL,27
148016,00,2.87,600,623,29
148131,00,3.13,570,500,25
148177,00,2.54,NULL,NULL,NULL
148335,00,2.71,NULL,NULL,NULL
148405,00,3.12,665,553,25
148487,00,2.77,590,630,25
148496,00,3.47,620,540,24
148511,00,3.23,NULL,NULL,NULL
148575,00,2.83,NULL,NULL,NULL
148584,00,3.43,620,610,25
148593,00,3.33,NULL,NULL,NULL
148627,00,2.54,545,570,24
148654,00,2.53,665,623,27
148849,00,2.96,NULL,NULL,NULL
149028,00,3.05,NULL,NULL,NULL
149222,00,3.27,620,590,25
149231,00,3.06,590,580,25
149329,00,2.76,NULL,NULL,NULL
149505,00,3.23,630,640,25
149514,00,3.32,560,600,25
149639,00,3.24,NULL,NULL,29
149763,00,3.24,NULL,NULL,NULL
149772,00,2.98,NULL,NULL,23
149781,00,2.52,700,720,32
150066,00,2.55,570,570,25
150136,00,2.91,570,590,24
150145,00,3.09,580,550,27
150163,00,3.43,640,630,30
150172,00,2.51,480,460,20
150400,00,3.27,680,650,29
150455,00,3.39,640,700,31
150534,00,3.29,620,600,29
150604,00,2.75,560,550,24
150668,00,2.64,630,620,30
150677,00,2.5,570,580,26
150756,00,3.14,600,600,28
150774,00,2.6,530,550,26
150941,00,2.52,560,570,27
151102,00,2.93,550,540,24
151111,00,2.59,570,550,25
151263,00,3.48,560,550,25
151290,00,2.97,540,510,23
151306,00,2.69,560,550,24
151324,00,2.76,510,510,22
151333,00,2.52,520,520,23
151342,00,2.99,530,530,23
151351,00,3.03,660,630,30
151360,00,2.98,510,510,23
151379,00,2.81,520,530,23
151388,00,3.09,510,520,23
151777,00,2.82,570,560,25
151786,00,3.07,570,550,25
151801,00,3.12,590,580,27
151810,00,3.36,NULL,NULL,NULL
152080,00,3.14,770,750,34
152099,00,2.64,540,530,24
152248,00,2.8,540,540,NULL
152266,00,2.66,530,520,23
152318,00,2.82,750,670,32
152336,00,2.57,530,530,23
152363,00,3.41,540,540,24
152381,00,2.72,500,520,22
152390,00,2.67,600,610,28
152530,00,3.02,650,660,31
152567,00,3.01,620,570,27
152600,00,2.54,620,590,29
152673,00,3.1,640,610,28
152798,00,3.15,NULL,NULL,NULL
152822,00,2.75,NULL,NULL,NULL
152992,00,3.23,NULL,NULL,NULL
153001,00,2.68,NULL,NULL,25
153108,00,3.28,620,580,26
153126,00,2.99,550,530,25
153144,00,2.84,670,693,28
153162,00,3.01,650,670,29
153241,00,3.3,NULL,NULL,NULL
153250,00,2.92,630,610,28
153269,00,3.16,680,640,30
153278,00,3.26,520,490,22
153320,00,3.17,530,590,25
153366,00,3.12,530,520,24
153375,00,2.75,480,450,23
153384,00,3.29,770,730,32
153603,00,3.22,680,620,28
153621,00,2.95,508,468,24
153658,00,2.58,680,620,28
153825,00,3.03,560,575,26
153834,00,2.51,638,610,29
153861,00,2.74,NULL,NULL,NULL
154004,00,2.52,NULL,NULL,25
154013,00,3.34,NULL,NULL,23
154022,00,3.47,NULL,NULL,NULL
154095,00,2.93,640,NULL,24
154101,00,2.91,580,605,27
154174,00,3.03,NULL,NULL,NULL
154235,00,2.93,NULL,NULL,25
154350,00,2.99,NULL,NULL,27
154493,00,3.42,NULL,NULL,24
154518,00,2.61,500,500,23
154527,00,2.62,590,540,26
154590,00,3.34,550,500,22
154688,00,3.31,600,545,26
154712,00,2.86,630,655,28
154721,00,3.06,510,510,23
154749,00,2.92,580,520,26
154855,00,2.76,530,490,24
155025,00,3.45,545,528,25
155061,00,2.7,NULL,NULL,24
155070,00,3.36,520,650,23
155089,00,3.01,548,490,24
155317,00,3.16,NULL,NULL,28
155335,00,2.53,530,610,27
155399,00,2.9,NULL,NULL,NULL
155414,00,3.1,520,510,24
155496,00,3.48,480,470,24
155511,00,3.47,560,540,24
155520,00,3.24,510,540,21
155627,00,2.64,550,530,25
155636,00,3.27,NULL,NULL,NULL
155681,00,3.22,NULL,NULL,24
155812,00,2.74,520,500,24
155900,00,2.85,548,548,25
155937,00,2.55,500,540,25
155973,00,2.77,530,510,27
156082,00,2.83,NULL,NULL,NULL
156125,00,2.67,622,590,26
156189,00,2.8,540,500,24
156213,00,2.71,620,620,27
156286,00,2.84,590,590,27
156295,00,2.79,610,630,26
156356,00,3.07,550,NULL,24
156365,00,3.02,525,505,24
156408,00,2.6,680,670,31
156417,00,2.79,NULL,NULL,NULL
156541,00,3.02,530,520,25
156620,00,3.0,550,560,24
156745,00,2.95,560,610,26
157030,00,2.96,NULL,NULL,23
157058,00,2.52,448,450,20
157076,00,2.98,555,540,25
157085,00,3.36,630,610,28
157100,00,2.99,550,510,24
157216,00,3.14,NULL,NULL,NULL
157289,00,2.96,610,580,28
157359,00,2.85,500,500,24
157377,00,3.33,570,610,25
157386,00,2.57,570,545,25
157401,00,3.13,540,520,25
157447,00,3.07,550,560,25
157535,00,2.83,510,500,22
157748,00,3.07,NULL,NULL,NULL
157757,00,2.86,525,520,22
157793,00,3.03,NULL,NULL,NULL
157809,00,3.02,560,520,25
157818,00,3.17,630,660,30
157863,00,3.29,513,563,24
157951,00,3.1,570,580,25
158477,00,2.8,600,585,28
158802,00,3.31,480,470,20
159009,00,3.19,440,480,20
159373,00,3.05,NULL,NULL,NULL
159382,00,3.48,NULL,NULL,22
159391,00,2.78,630,620,28
159416,00,2.93,540,510,24
159568,00,2.56,500,460,23
159647,00,3.45,600,590,26
159656,00,3.18,610,640,28
159717,00,2.83,560,550,24
159939,00,2.66,620,590,25
159948,00,3.12,NULL,NULL,NULL
159966,00,3.25,607,537,24
159993,00,2.67,640,NULL,25
160038,00,3.0,550,518,24
160065,00,2.58,NULL,NULL,NULL
160409,00,3.41,NULL,NULL,NULL
160612,00,2.65,NULL,NULL,24
160621,00,2.84,520,NULL,20
160630,00,2.76,640,650,18
160658,00,2.86,600,NULL,25
160755,00,3.47,700,700,32
160904,00,3.31,550,560,26
160959,00,2.92,NULL,NULL,NULL
160977,00,2.51,NULL,NULL,NULL
161004,00,2.88,750,760,33
161086,00,2.7,720,710,32
161165,00,3.44,550,530,21
161217,00,3.38,NULL,NULL,NULL
161226,00,3.39,NULL,NULL,NULL
161235,00,3.16,500,500,27
161244,00,3.42,520,530,25
161253,00,3.02,610,590,26
161299,00,3.18,580,550,24
161341,00,3.22,NULL,NULL,NULL
161457,00,3.32,580,570,26
161509,00,2.96,NULL,NULL,NULL
161518,00,2.95,530,520,NULL
161554,00,3.43,560,550,25
161563,00,2.74,510,490,21
161572,00,3.17,NULL,NULL,NULL
161873,00,2.92,510,530,NULL
162007,00,2.62,470,490,20
162061,00,3.26,630,560,26
162210,00,2.66,NULL,NULL,NULL
162283,00,2.91,470,480,NULL
162584,00,2.63,540,530,22
162654,00,2.8,NULL,NULL,NULL
162760,00,3.08,580,580,25
162928,00,3.18,770,740,34
163046,00,3.09,640,627,29
163204,00,3.08,NULL,NULL,NULL
163259,00,2.51,NULL,NULL,NULL
163268,00,2.62,670,640,29
163286,00,3.07,730,690,NULL
163295,00,2.72,630,670,NULL
163338,00,3.18,480,480,19
163453,00,2.5,490,490,19
163462,00,3.37,580,600,23
163532,00,2.7,NULL,NULL,NULL
163578,00,3.1,560,590,23
163842,00,2.52,NULL,NULL,NULL
163851,00,3.43,620,610,26
163912,00,3.31,650,670,30
163921,00,3.18,NULL,NULL,NULL
163976,00,2.95,NULL,NULL,NULL
164076,00,3.06,590,580,25
164155,00,3.25,700,680,NULL
164173,00,2.67,560,540,23
164207,00,2.94,NULL,NULL,NULL
164216,00,3.11,640,640,29
164270,00,3.23,610,600,27
164368,00,3.4,NULL,NULL,NULL
164438,00,3.41,NULL,NULL,NULL
164447,00,3.27,500,490,21
164465,00,2.59,770,760,34
164492,00,2.59,NULL,NULL,NULL
164562,00,2.98,NULL,NULL,NULL
164580,00,3.02,710,640,30
164614,00,3.22,460,470,NULL
164632,00,3.14,540,550,22
164720,00,3.23,570,550,24
164739,00,2.62,680,630,30
164748,00,3.18,NULL,NULL,NULL
164872,00,3.08,NULL,NULL,NULL
164924,00,2.66,740,710,33
164933,00,3.04,NULL,NULL,NULL
164988,00,2.59,720,670,30
165015,00,2.67,760,710,32
165024,00,3.32,550,540,24
165167,00,2.8,NULL,NULL,NULL
165334,00,3.33,NULL,NULL,NULL
165529,00,2.68,520,515,20
165644,00,2.97,530,550,24
165662,00,3.47,650,670,30
165671,00,2.77,590,590,26
165699,00,2.67,590,570,25
165820,00,3.11,550,540,22
165866,00,3.07,570,560,25
165936,00,3.34,639,653,29
166018,00,2.68,NULL,NULL,NULL
166027,00,2.63,800,800,35
166045,00,3.38,NULL,NULL,NULL
166054,00,3.16,NULL,NULL,NULL
166124,00,2.81,NULL,NULL,NULL
166391,00,3.28,530,540,23
166452,00,2.95,570,600,26
166513,00,2.77,630,600,28
166629,00,2.74,670,640,29
166638,00,3.38,580,550,NULL
166656,00,2.64,630,570,26
166674,00,3.3,580,600,27
166683,00,2.61,800,770,35
166692,00,3.13,600,550,24
166850,00,3.11,NULL,NULL,NULL
166869,00,2.8,NULL,NULL,NULL
166911,00,2.7,NULL,NULL,NULL
166939,00,2.91,NULL,NULL,NULL
166948,00,3.36,490,490,20
166984,00,3.12,NULL,NULL,NULL
167057,00,2.81,NULL,NULL,NULL
167251,00,2.65,460,480,NULL
167260,00,3.14,530,500,23
167288,00,2.59,550,580,25
167321,00,3.15,NULL,NULL,NULL
167358,00,2.68,750,730,33
167394,00,2.73,520,520,22
167455,00,3.02,420,440,NULL
167598,00,3.05,540,520,23
167677,00,3.37,NULL,NULL,NULL
167729,00,3.36,540,540,24
167783,00,3.05,620,630,28
167835,00,3.07,NULL,NULL,NULL
167899,00,3.15,580,550,25
167987,00,2.9,590,570,25
167996,00,3.15,620,610,28
168005,00,3.12,570,560,25
168148,00,3.02,770,750,33
168218,00,2.52,750,760,33
168227,00,3.08,630,580,27
168254,00,2.53,610,570,26
168263,00,3.08,550,540,22
168281,00,3.19,NULL,NULL,NULL
168290,00,2.54,540,550,25
168342,00,3.14,780,780,34
168421,00,2.99,NULL,NULL,NULL
168430,00,2.6,560,550,24
168528,00,2.56,440,530,24
168546,00,2.57,590,580,28
168591,00,3.42,630,550,27
168740,00,3.15,600,620,26
168786,00,3.16,NULL,NULL,26
169080,00,2.73,660,650,29
169248,00,3.16,563,550,24
169327,00,3.19,535,565,23
169363,00,3.05,NULL,NULL,24
169442,00,2.99,NULL,NULL,25
169479,00,2.97,NULL,NULL,NULL
169716,00,2.61,640,610,28
169798,00,3.09,570,570,24
169910,00,2.52,NULL,NULL,24
169983,00,2.66,660,630,29
170000,00,3.14,NULL,NULL,NULL
170037,00,3.3,570,605,26
170082,00,3.38,620,590,26
170091,00,3.1,NULL,NULL,NULL
170301,00,3.04,680,660,29
170532,00,2.93,690,670,30
170639,00,3.28,590,570,25
170675,00,3.44,630,630,28
170806,00,3.15,640,630,25
170842,00,2.69,NULL,NULL,18
170967,00,2.7,NULL,NULL,24
170976,00,2.69,760,720,32
171100,00,3.43,690,580,28
171128,00,2.63,680,650,29
171137,00,3.17,660,NULL,27
171146,00,3.07,648,675,24
171456,00,2.9,NULL,NULL,25
171492,00,3.31,570,580,24
171571,00,2.56,NULL,NULL,26
171599,00,3.42,480,420,22
171881,00,3.33,580,550,25
172033,00,3.42,NULL,NULL,NULL
172051,00,3.06,NULL,NULL,24
172264,00,3.34,537,560,23
172334,00,2.89,570,575,26
172440,00,3.2,NULL,NULL,22
172608,00,3.48,NULL,NULL,NULL
172644,00,3.0,NULL,NULL,26
172699,00,2.62,NULL,NULL,25
173045,00,2.93,590,623,25
173124,00,3.33,NULL,NULL,23
173142,00,3.38,NULL,NULL,26
173160,00,2.52,610,640,28
173258,00,3.05,770,750,33
173300,00,3.22,630,650,28
173328,00,2.62,560,550,24
173452,00,2.61,NULL,NULL,27
173647,00,3.46,660,680,30
173665,00,2.87,600,640,27
173887,00,2.59,NULL,NULL,NULL
173902,00,3.4,710,740,32
173920,00,2.86,NULL,NULL,24
174020,00,3.07,NULL,NULL,NULL
174066,00,3.37,740,690,30
174075,00,2.85,530,500,24
174127,00,2.59,580,620,26
174206,00,2.94,NULL,NULL,NULL
174233,00,3.49,620,590,26
174251,00,3.12,640,690,28
174279,00,2.83,NULL,NULL,NULL
174358,00,2.55,590,560,25
174394,00,2.56,NULL,NULL,NULL
174437,00,2.98,560,550,26
174491,00,3.07,673,640,27
174507,00,3.38,NULL,NULL,NULL
174747,00,2.75,608,570,28
174783,00,2.73,590,548,24
174792,00,2.95,625,610,28
174817,00,2.81,590,550,26
174844,00,3.36,710,710,31
174862,00,3.08,455,435,24
174899,00,2.9,500,530,26
174914,00,3.06,640,640,28
174932,00,2.53,NULL,NULL,NULL
175005,00,2.89,550,620,25
175078,00,2.69,NULL,NULL,24
175272,00,3.31,NULL,NULL,25
175342,00,3.35,480,460,19
175421,00,2.73,560,620,25
175430,00,3.18,470,540,25
175616,00,2.68,570,475,22
175856,00,2.59,NULL,NULL,21
175980,00,3.39,620,630,28
176017,00,2.73,600,590,27
176026,00,2.88,NULL,NULL,NULL
176035,00,3.47,640,480,24
176044,00,3.23,NULL,NULL,19
176053,00,2.78,583,593,27
176080,00,3.3,630,620,28
176318,00,3.49,440,360,14
176372,00,2.8,560,550,27
176406,00,3.32,447,537,21
176479,00,2.56,NULL,NULL,28
176628,00,2.7,560,580,24
176664,00,2.6,NULL,NULL,NULL
176789,00,2.58,573,620,26
176910,00,2.89,NULL,NULL,NULL
176938,00,3.12,NULL,NULL,NULL
176947,00,2.82,540,480,24
176965,00,3.01,NULL,NULL,24
177038,00,3.46,NULL,NULL,NULL
177065,00,3.27,NULL,NULL,NULL
177083,00,3.42,NULL,NULL,29
177144,00,2.83,540,540,23
177162,00,2.83,NULL,NULL,NULL
177214,00,3.19,615,650,28
177339,00,3.31,570,600,26
177418,00,3.25,610,600,25
177542,00,3.02,520,620,25
177551,00,2.99,NULL,NULL,NULL
177719,00,3.02,NULL,NULL,NULL
177746,00,2.75,530,600,27
177816,00,2.95,NULL,NULL,NULL
177940,00,2.78,NULL,NULL,NULL
177968,00,3.36,580,550,25
177986,00,3.4,NULL,NULL,NULL
178059,00,3.27,610,610,27
178208,00,3.23,540,630,25
178226,00,2.61,NULL,NULL,NULL
178244,00,2.6,540,500,24
178341,00,2.68,NULL,NULL,24
178369,00,2.94,460,440,21
178387,00,3.47,NULL,NULL,NULL
178396,00,3.07,650,640,28
178402,00,2.6,670,NULL,27
178411,00,3.27,690,670,31
178420,00,3.22,590,NULL,26
178615,00,3.11,650,680,30
178624,00,2.97,600,570,25
178679,00,3.14,NULL,NULL,NULL
178697,00,2.66,548,560,25
178721,00,2.99,NULL,NULL,NULL
178767,00,2.8,NULL,NULL,NULL
178989,00,2.53,NULL,NULL,NULL
179043,00,2.55,649,640,28
179159,00,3.37,680,640,30
179256,00,2.59,NULL,NULL,23
179326,00,2.67,560,550,26
179450,00,3.39,NULL,NULL,NULL
179548,00,2.67,580,630,26
179557,00,2.55,595,555,25
179566,00,2.89,620,600,26
179867,00,2.98,790,760,34
179894,00,3.3,600,650,27
179946,00,2.76,610,550,27
179955,00,2.98,645,670,28
179964,00,3.43,547,590,26
180106,00,2.56,610,620,26
180179,00,2.86,NULL,NULL,NULL
180258,00,3.17,NULL,NULL,NULL
180416,00,2.87,610,620,27
180461,00,3.3,630,630,27
180489,00,2.73,590,620,26
180522,00,3.34,505,490,22
180595,00,3.11,570,560,25
180692,00,3.41,NULL,NULL,NULL
180814,00,3.12,NULL,NULL,NULL
180832,00,2.9,NULL,NULL,26
180878,00,3.49,NULL,NULL,24
180948,00,2.86,NULL,NULL,NULL
180984,00,3.28,610,570,27
181002,00,3.25,660,640,30
181020,00,3.39,535,515,26
181093,00,3.42,528,465,24
181127,00,3.32,530,540,26
181215,00,2.81,550,520,25
181297,00,2.76,NULL,NULL,25
181330,00,3.13,NULL,NULL,23
181376,00,3.13,NULL,NULL,NULL
181394,00,2.59,NULL,NULL,26
181428,00,3.22,NULL,NULL,NULL
181446,00,2.77,600,610,26
181464,00,3.47,670,660,28
181534,00,3.18,NULL,NULL,NULL
181543,00,2.83,NULL,NULL,NULL
181604,00,3.3,NULL,NULL,26
181738,00,3.23,570,NULL,26
181783,00,3.23,NULL,NULL,NULL
181853,00,2.78,500,510,22
182111,00,2.98,NULL,NULL,NULL
182281,00,2.83,560,550,24
182290,00,2.61,600,590,26
182458,00,2.61,NULL,NULL,NULL
182634,00,2.95,NULL,NULL,NULL
182661,00,2.88,550,550,22
182670,00,3.15,780,780,34
182795,00,2.98,550,530,21
182917,00,2.75,NULL,NULL,NULL
182980,00,2.93,NULL,NULL,NULL
183026,00,3.05,540,520,NULL
183044,00,3.19,610,590,NULL
183062,00,2.71,540,540,NULL
183071,00,3.21,560,580,NULL
183080,00,2.52,540,530,23
183211,00,3.4,510,500,21
183239,00,2.69,620,610,27
183257,00,3.15,NULL,NULL,NULL
183275,00,2.67,NULL,NULL,NULL
183789,00,2.67,NULL,NULL,NULL
183804,00,2.94,NULL,NULL,NULL
183822,00,2.53,470,440,NULL
183910,00,2.61,540,520,25
183974,00,2.64,550,540,23
184269,00,3.14,NULL,NULL,NULL
184348,00,3.48,610,610,27
184603,00,3.1,550,530,NULL
184612,00,2.64,500,480,23
184694,00,2.81,570,560,NULL
184773,00,3.01,510,500,NULL
184782,00,3.1,640,600,NULL
185129,00,2.54,520,493,NULL
185262,00,2.87,510,490,NULL
185572,00,2.51,590,560,25
185590,00,3.47,540,520,NULL
185828,00,3.35,660,590,29
186131,00,2.51,800,800,35
186186,00,3.34,NULL,NULL,NULL
186201,00,2.73,610,590,26
186283,00,3.11,580,570,25
186371,00,2.7,580,560,NULL
186380,00,2.67,690,640,NULL
186399,00,2.82,608,550,NULL
186432,00,2.98,510,490,21
186584,00,2.78,620,600,27
186618,00,2.92,480,480,NULL
186867,00,2.91,720,670,32
186876,00,3.05,600,570,24
186900,00,2.8,NULL,NULL,NULL
187046,00,3.29,NULL,NULL,NULL
187134,00,2.64,680,660,NULL
187222,00,2.85,NULL,NULL,NULL
187444,00,2.76,560,540,NULL
187648,00,2.5,540,540,22
187897,00,2.83,NULL,NULL,NULL
187967,00,2.61,680,670,29
187985,00,3.39,600,610,25
188030,00,3.27,540,540,24
188146,00,2.99,570,570,24
188182,00,2.54,NULL,NULL,NULL
188304,00,2.62,NULL,NULL,NULL
188429,00,3.13,620,600,24
188526,00,2.91,650,620,29
188641,00,3.29,610,590,27
189088,00,3.37,NULL,NULL,NULL
189097,00,2.58,710,730,32
189228,00,3.06,NULL,NULL,NULL
189264,00,3.11,NULL,NULL,NULL
189273,00,2.62,NULL,NULL,NULL
189705,00,3.19,610,590,27
189848,00,3.5,NULL,NULL,NULL
189857,00,3.47,NULL,NULL,NULL
190044,00,3.02,665,620,28
190099,00,3.09,740,720,32
190114,00,3.17,NULL,NULL,NULL
190150,00,3.27,790,780,34
190248,00,3.03,505,500,20
190372,00,2.78,780,710,33
190415,00,3.4,780,740,34
190512,00,3.05,690,630,NULL
190549,00,2.85,620,580,NULL
190558,00,2.82,560,530,NULL
190567,00,3.09,640,590,NULL
190576,00,3.1,NULL,NULL,NULL
190594,00,2.62,640,620,NULL
190600,00,3.17,530,510,NULL
190637,00,3.06,570,530,NULL
190664,00,3.37,610,570,NULL
190691,00,2.95,510,470,NULL
190716,00,3.18,560,580,25
190725,00,2.86,NULL,NULL,NULL
190761,00,3.46,480,490,23
190770,00,3.33,NULL,NULL,NULL
190983,00,3.03,580,570,27
191205,00,2.96,500,500,23
191241,00,3.1,680,670,30
191515,00,2.6,740,730,33
191533,00,2.72,610,620,27
191621,00,3.38,NULL,NULL,NULL
191630,00,2.97,NULL,NULL,NULL
191649,00,3.36,630,630,28
191676,00,3.37,605,630,28
191931,00,3.34,560,550,24
191968,00,2.93,NULL,NULL,NULL
192040,00,2.9,680,720,32
192110,00,3.14,NULL,NULL,NULL
192165,00,3.36,NULL,NULL,NULL
192192,00,3.15,NULL,NULL,NULL
192271,00,2.6,480,490,22
192323,00,3.43,600,570,26
192439,00,2.62,540,500,22
192448,00,2.65,540,520,23
192563,00,3.01,NULL,NULL,NULL
192624,00,3.35,NULL,NULL,NULL
192703,00,2.83,610,580,27
192712,00,3.3,NULL,NULL,NULL
192749,00,3.3,590,590,NULL
192819,00,3.43,NULL,NULL,NULL
192864,00,2.68,560,590,26
192925,00,2.87,490,480,NULL
193016,00,3.29,NULL,NULL,NULL
193052,00,3.32,NULL,NULL,NULL
193061,00,3.08,NULL,NULL,NULL
193070,00,3.34,NULL,NULL,NULL
193247,00,3.02,NULL,NULL,NULL
193292,00,3.28,580,560,25
193353,00,3.12,550,540,24
193399,00,3.3,500,500,23
193584,00,2.78,NULL,NULL,NULL
193645,00,2.58,535,520,25
193654,00,3.49,605,635,28
193900,00,3.44,740,720,32
193973,00,3.08,570,550,25
194091,00,3.43,600,550,24
194161,00,2.97,520,535,22
194189,00,2.83,NULL,NULL,NULL
194310,00,2.51,570,570,25
194392,00,2.59,530,530,25
194541,00,3.31,740,660,32
194569,00,3.25,530,600,18
194578,00,3.25,640,630,28
194657,00,3.41,NULL,NULL,NULL
194666,00,3.03,NULL,NULL,NULL
194675,00,3.47,NULL,NULL,NULL
194693,00,3.25,NULL,NULL,NULL
194718,00,2.64,NULL,NULL,NULL
194736,00,2.94,NULL,NULL,NULL
194763,00,2.54,NULL,NULL,NULL
194824,00,3.15,768,720,31
194958,00,3.0,580,590,25
195003,00,3.48,680,640,31
195030,00,3.05,750,700,32
195128,00,2.61,NULL,NULL,NULL
195164,00,3.14,600,580,27
195173,00,3.5,520,510,NULL
195216,00,3.33,NULL,NULL,NULL
195234,00,3.45,NULL,NULL,NULL
195243,00,2.77,530,520,20
195304,00,2.85,NULL,NULL,NULL
195438,00,2.74,NULL,NULL,NULL
195474,00,2.8,620,600,27
195526,00,3.18,670,680,30
195544,00,3.09,580,570,25
195720,00,3.09,600,570,27
195809,00,3.36,620,590,27
196042,00,2.89,540,510,23
196060,00,3.11,610,580,26
196079,00,3.39,710,675,30
196088,00,3.49,660,600,28
196097,00,2.9,700,650,30
196103,00,2.91,640,620,27
196112,00,2.8,580,550,26
196121,00,3.01,590,570,26
196130,00,2.73,540,520,NULL
196149,00,2.91,580,550,25
196158,00,3.14,580,570,26
196167,00,2.9,700,690,29
196176,00,2.59,610,610,27
196185,00,3.13,600,580,25
196194,00,2.52,590,590,26
196200,00,2.77,NULL,NULL,NULL
196219,00,2.86,580,600,26
196237,00,2.93,550,530,22
196246,00,3.04,570,550,24
196255,00,2.71,NULL,NULL,NULL
196264,00,2.66,NULL,NULL,NULL
196291,00,2.67,600,570,26
196307,00,3.28,NULL,NULL,NULL
196413,00,2.6,650,620,28
196431,00,2.79,NULL,NULL,NULL
196440,00,2.79,NULL,NULL,NULL
196583,00,2.52,NULL,NULL,NULL
196592,00,3.26,NULL,NULL,NULL
196680,00,3.35,NULL,NULL,NULL
196866,00,2.56,720,680,31
197018,00,3.34,NULL,NULL,NULL
197027,00,3.09,NULL,NULL,NULL
197036,00,3.27,690,695,30
197045,00,2.78,530,520,23
197133,00,2.59,730,740,33
197151,00,3.39,580,570,26
197197,00,3.5,640,630,27
197221,00,3.13,765,745,NULL
197230,00,2.99,590,600,26
197601,00,3.05,NULL,NULL,NULL
197610,00,2.84,NULL,NULL,NULL
197647,00,2.76,NULL,NULL,NULL
197674,00,3.3,NULL,NULL,NULL
197692,00,2.61,NULL,NULL,NULL
197708,00,2.56,690,680,29
197735,00,3.42,NULL,NULL,NULL
197744,00,3.42,NULL,NULL,NULL
197869,00,2.83,620,620,28
197911,00,2.9,520,500,22
197984,00,2.86,530,540,24
197993,00,3.33,NULL,NULL,NULL
198066,00,2.84,530,520,22
198136,00,2.93,645,655,27
198215,00,3.29,560,540,NULL
198303,00,2.78,440,430,17
198385,00,3.27,710,730,33
198419,00,2.56,790,760,34
198464,00,3.09,570,550,24
198507,00,3.1,470,450,18
198516,00,3.46,660,660,26
198543,00,3.32,470,450,19
198561,00,3.22,570,550,25
198598,00,2.97,520,500,21
198613,00,3.49,580,610,26
198677,00,2.75,NULL,NULL,NULL
198695,00,2.56,600,580,26
198747,00,3.09,NULL,NULL,NULL
198756,00,3.08,450,470,19
198808,00,3.1,NULL,NULL,NULL
198835,00,2.75,550,530,23
198862,00,2.8,410,410,16
198899,00,2.76,530,510,23
198950,00,2.53,570,570,25
198969,00,3.15,540,520,23
199032,00,3.0,530,550,23
199069,00,3.42,530,490,20
199102,00,3.45,500,480,21
199111,00,3.02,640,650,27
199120,00,3.38,710,700,32
199139,00,3.08,600,560,25
199148,00,3.2,560,560,25
199157,00,3.11,470,460,19
199184,00,3.26,610,630,26
199193,00,2.76,670,640,30
199209,00,3.44,500,470,20
199218,00,2.68,630,620,26
199272,00,2.77,510,520,21
199281,00,2.84,510,500,21
199306,00,2.79,540,520,22
199315,00,3.41,485,535,23
199412,00,2.93,580,560,26
199458,00,3.4,500,530,20
199582,00,3.15,435,423,17
199607,00,3.05,580,620,27
199643,00,2.74,NULL,NULL,NULL
199698,00,2.96,530,510,23
199847,00,2.76,NULL,NULL,NULL
199865,00,3.5,590,660,27
199962,00,3.02,570,550,24
199971,00,3.06,NULL,NULL,NULL
199999,00,2.81,490,470,19
200004,00,3.27,570,560,24
200059,00,2.82,505,533,23
200156,00,2.58,530,570,24
200217,00,3.0,560,570,25
200226,00,2.5,NULL,NULL,NULL
200244,00,2.56,NULL,NULL,NULL
200253,00,3.48,543,500,24
200280,00,3.33,610,590,26
200332,00,2.74,650,625,26
200484,00,3.27,NULL,NULL,NULL
200572,00,3.14,510,460,23
200800,00,3.49,610,590,25
200873,00,3.02,NULL,NULL,NULL
201061,00,2.54,570,540,24
201104,00,3.24,550,550,25
201195,00,3.08,590,610,27
201371,00,3.21,580,560,25
201441,00,3.46,570,560,24
201548,00,3.37,610,600,27
201645,00,2.67,760,720,33
201654,00,3.44,640,640,29
201690,00,2.78,450,470,19
201858,00,2.89,550,560,24
201885,00,3.49,640,620,28
201964,00,3.23,490,490,23
202046,00,2.8,610,620,26
202073,00,3.47,NULL,NULL,NULL
202134,00,3.28,580,570,25
202170,00,2.61,570,610,25
202480,00,2.76,630,600,29
202514,00,2.77,550,530,23
202523,00,3.48,670,660,31
202541,00,2.99,NULL,NULL,NULL
202611,00,3.1,NULL,NULL,NULL
202763,00,2.8,580,570,26
202806,00,3.07,NULL,NULL,NULL
202903,00,3.07,NULL,NULL,NULL
203085,00,3.36,NULL,NULL,NULL
203128,00,3.04,580,600,25
203368,00,2.72,600,590,27
203517,00,2.65,570,570,25
203535,00,2.74,690,720,32
203580,00,3.2,540,520,23
203757,00,2.9,NULL,NULL,NULL
203775,00,3.1,578,558,26
203845,00,2.65,630,NULL,27
204006,00,2.59,NULL,NULL,NULL
204015,00,2.84,NULL,NULL,NULL
204024,00,2.63,680,650,30
204176,00,2.6,NULL,NULL,24
204185,00,3.22,580,540,25
204194,00,3.48,580,620,26
204200,00,2.57,550,520,24
204264,00,2.52,540,520,24
204468,00,2.62,520,500,22
204501,00,2.91,715,740,32
204617,00,2.66,580,540,24
204635,00,3.44,650,620,29
204671,00,3.23,NULL,NULL,NULL
204796,00,2.75,720,660,31
204857,00,2.76,600,600,26
204909,00,2.92,630,620,27
204936,00,3.37,585,590,26
205027,00,2.67,NULL,NULL,NULL
205124,00,2.88,NULL,NULL,NULL
205443,00,2.9,NULL,NULL,NULL
205957,00,3.08,620,650,28
206002,00,2.83,NULL,NULL,NULL
206048,00,2.76,540,523,23
206084,00,2.64,600,570,25
206279,00,3.44,NULL,NULL,NULL
206330,00,2.87,NULL,NULL,NULL
206349,00,2.5,580,630,24
206437,00,3.11,580,570,25
206491,00,2.78,NULL,NULL,NULL
206507,00,2.67,570,550,24
206525,00,3.16,620,620,28
206589,00,2.56,660,670,30
206604,00,3.35,NULL,NULL,NULL
206622,00,3.33,610,600,27
206695,00,2.62,NULL,NULL,NULL
206835,00,2.7,560,520,24
206862,00,2.57,NULL,NULL,NULL
206914,00,2.7,NULL,NULL,NULL
206941,00,3.17,NULL,NULL,24
207041,00,2.63,560,530,23
207209,00,2.69,NULL,NULL,NULL
207263,00,3.24,NULL,NULL,23
207306,00,2.59,NULL,NULL,22
207324,00,2.61,610,620,28
207342,00,3.08,NULL,NULL,NULL
207351,00,2.78,NULL,NULL,21
207388,00,3.49,620,590,28
207403,00,2.76,600,600,27
207458,00,2.67,610,620,29
207500,00,2.61,650,630,29
207582,00,2.51,560,570,25
207661,00,2.77,NULL,NULL,23
207689,00,2.77,NULL,NULL,NULL
207722,00,2.62,530,545,24
207847,00,3.39,NULL,NULL,22
207856,00,2.83,605,575,23
207865,00,2.86,NULL,NULL,24
207971,00,3.2,690,710,32
208239,00,3.15,NULL,NULL,NULL
208488,00,2.61,550,550,24
208646,00,3.19,520,530,NULL
208725,00,3.17,NULL,NULL,NULL
208822,00,3.39,600,600,26
209056,00,2.67,670,700,31
209065,00,2.54,600,600,26
209108,00,2.7,NULL,NULL,NULL
209241,00,2.57,NULL,NULL,NULL
209287,00,2.86,580,650,27
209409,00,3.25,530,535,23
209490,00,2.52,NULL,NULL,NULL
209506,00,2.92,580,550,25
209533,00,2.95,NULL,NULL,NULL
209542,00,2.59,630,600,27
209551,00,2.9,620,600,27
209603,00,3.31,NULL,NULL,NULL
209612,00,2.84,610,600,27
209807,00,3.15,580,590,NULL
209825,00,2.7,650,650,NULL
209922,00,3.39,720,750,33
210146,00,2.7,560,570,NULL
210304,00,3.46,NULL,NULL,NULL
210331,00,2.86,590,590,26
210401,00,3.38,650,660,29
210429,00,2.5,540,530,NULL
210438,00,3.04,NULL,NULL,NULL
210492,00,2.63,550,580,25
210571,00,3.23,570,560,25
210669,00,3.34,650,640,29
210739,00,2.65,600,590,26
210775,00,2.81,540,530,22
210906,00,3.08,NULL,NULL,NULL
210942,00,3.19,NULL,NULL,NULL
210960,00,3.34,NULL,NULL,NULL
211024,00,3.49,548,568,24
211088,00,3.1,578,600,27
211158,00,3.45,550,530,23
211273,00,2.85,760,710,32
211291,00,2.84,720,680,32
211352,00,3.25,500,500,23
211361,00,2.95,540,530,21
211431,00,2.79,510,525,23
211440,00,3.07,790,740,34
211468,00,2.9,530,520,24
211477,00,2.87,NULL,NULL,NULL
211556,00,3.08,NULL,NULL,NULL
211583,00,3.19,520,540,23
211608,00,2.71,NULL,NULL,NULL
211644,00,3.11,520,510,NULL
211893,00,3.35,NULL,NULL,NULL
211981,00,2.7,560,563,25
212009,00,3.45,690,675,31
212054,00,3.24,680,630,30
212106,00,3.35,610,600,27
212115,00,2.94,530,480,22
212133,00,2.59,570,570,24
212160,00,2.91,520,520,22
212197,00,3.13,620,610,28
212577,00,2.62,NULL,NULL,NULL
212601,00,2.96,590,560,26
212656,00,2.52,600,590,26
212674,00,3.37,680,690,29
212771,00,3.05,NULL,NULL,NULL
212805,00,3.44,665,669,29
212832,00,3.32,530,520,22
212911,00,3.48,740,750,33
212984,00,3.35,510,510,22
213011,00,2.62,520,530,21
213020,00,3.34,540,530,22
213251,00,3.41,NULL,NULL,NULL
213303,00,2.72,500,500,21
213321,00,3.49,NULL,NULL,NULL
213349,00,2.67,530,520,22
213358,00,2.77,520,520,24
213367,00,3.33,550,550,25
213385,00,2.68,700,670,31
213400,00,2.75,560,570,22
213507,00,3.19,620,600,27
213543,00,2.67,740,670,32
213598,00,3.25,470,470,20
213613,00,2.98,520,510,23
213668,00,3.17,580,570,26
213783,00,2.96,540,530,23
213826,00,2.73,580,570,NULL
213987,00,2.52,580,580,26
213996,00,3.3,640,620,29
214041,00,3.49,560,550,24
214069,00,2.97,580,560,26
214148,00,3.22,530,570,29
214157,00,2.9,NULL,NULL,NULL
214166,00,2.98,510,490,22
214175,00,2.77,670,670,31
214272,00,3.09,480,470,20
214591,00,2.86,600,560,25
214625,00,3.0,570,550,27
214634,00,2.91,510,480,22
214643,00,2.83,570,550,23
214670,00,2.65,570,550,28
214689,00,2.76,560,530,23
214698,00,2.71,540,530,24
214704,00,2.73,570,530,25
214713,00,3.36,600,550,24
214731,00,2.93,560,520,23
214759,00,3.49,550,520,21
214777,00,2.81,670,630,29
214786,00,2.62,560,520,24
214801,00,2.63,550,510,24
214810,00,3.39,490,485,21
214829,00,3.1,570,540,25
214883,00,3.45,NULL,NULL,NULL
214971,00,2.95,NULL,NULL,NULL
215053,00,2.51,NULL,NULL,NULL
215062,00,2.86,780,760,34
215099,00,2.94,590,570,25
215105,00,2.87,550,580,25
215114,00,3.02,550,588,26
215132,00,3.35,660,600,27
215266,00,3.15,550,530,23
215275,00,2.61,560,540,24
215284,00,2.97,570,550,24
215293,00,2.66,680,660,30
215442,00,3.45,540,560,25
215655,00,2.69,590,550,24
215691,00,3.47,510,530,23
215743,00,2.67,590,510,25
215770,00,2.62,610,590,26
215798,00,3.32,580,570,25
215929,00,2.58,610,600,27
215947,00,3.03,580,570,26
216010,00,3.41,550,530,22
216038,00,2.78,550,540,23
216047,00,3.0,NULL,NULL,NULL
216278,00,3.31,610,620,27
216287,00,3.31,770,760,34
216311,00,2.98,NULL,NULL,NULL
216339,00,2.95,620,610,27
216357,00,2.5,540,520,23
216366,00,3.37,NULL,NULL,NULL
216524,00,2.51,640,640,30
216542,00,2.69,530,510,25
216597,00,3.34,710,690,31
216667,00,2.73,NULL,NULL,NULL
216694,00,3.21,550,560,25
216764,00,2.58,600,590,NULL
216807,00,3.21,570,580,25
216852,00,2.51,580,550,NULL
216931,00,2.59,600,570,NULL
217013,00,3.42,550,570,24
217040,00,3.25,NULL,NULL,NULL
217059,00,2.92,578,560,25
217156,00,2.82,780,760,34
217165,00,3.17,630,590,27
217235,00,3.19,NULL,NULL,NULL
217402,00,3.38,640,620,28
217420,00,3.12,520,520,22
217484,00,2.98,590,580,26
217493,00,3.2,710,670,32
217518,00,2.54,NULL,NULL,NULL
217536,00,2.57,600,590,26
217606,00,3.47,NULL,NULL,NULL
217624,00,3.27,NULL,NULL,NULL
217633,00,3.35,580,600,26
217688,00,3.43,540,540,23
217721,00,2.58,NULL,NULL,NULL
217749,00,3.38,NULL,NULL,26
217776,00,3.2,510,540,22
217819,00,3.22,630,630,28
217864,00,2.87,600,590,25
217873,00,3.42,510,490,21
217882,00,3.1,680,660,31
217907,00,3.06,530,520,22
217925,00,2.56,580,620,25
217934,00,2.7,560,570,24
217961,00,2.68,570,590,26
217998,00,2.62,560,550,24
218061,00,3.45,530,530,22
218070,00,3.37,670,670,30
218229,00,3.16,520,530,22
218238,00,3.01,560,530,23
218335,00,2.8,NULL,NULL,NULL
218399,00,3.29,NULL,NULL,NULL
218414,00,2.5,540,520,22
218441,00,2.97,670,670,29
218539,00,3.03,610,600,28
218645,00,3.41,540,540,23
218654,00,3.26,510,500,22
218663,00,2.52,650,640,29
218724,00,3.15,550,530,23
218733,00,2.95,436,416,19
218742,00,2.77,540,530,23
218919,00,2.52,NULL,NULL,NULL
218964,00,3.37,570,570,25
218973,00,3.46,640,620,29
219000,00,3.03,NULL,NULL,27
219046,00,3.42,594,635,23
219082,00,2.63,550,620,24
219091,00,2.73,590,580,27
219198,00,3.5,NULL,NULL,25
219204,00,3.11,NULL,NULL,NULL
219259,00,2.82,580,NULL,25
219295,00,3.48,470,470,22
219347,00,2.94,660,630,28
219356,00,3.07,600,590,25
219383,00,3.15,510,460,26
219471,00,3.38,620,NULL,26
219505,00,3.46,NULL,NULL,NULL
219602,00,3.3,560,540,24
219639,00,2.91,NULL,NULL,27
219709,00,2.68,630,640,29
219718,00,2.69,505,510,22
219790,00,2.59,600,600,25
219806,00,2.85,580,575,26
219833,00,2.82,NULL,NULL,27
219949,00,2.58,530,540,23
219976,00,2.67,650,650,28
220075,00,2.81,550,550,25
220181,00,3.3,440,430,18
220206,00,2.82,NULL,NULL,NULL
220215,00,3.36,570,600,27
220473,00,2.84,570,560,24
220516,00,3.14,560,560,25
220552,00,2.77,NULL,NULL,NULL
220598,00,3.24,530,510,16
220604,00,2.5,NULL,NULL,17
220613,00,2.75,580,600,27
220631,00,3.05,540,500,27
220701,00,3.45,NULL,NULL,NULL
220710,00,3.06,550,550,26
220808,00,2.95,530,620,25
220862,00,3.09,600,600,25
220941,00,2.52,NULL,NULL,NULL
220978,00,2.81,570,580,24
221014,00,2.98,583,583,26
221254,00,2.93,NULL,NULL,25
221351,00,2.73,680,690,31
221519,00,2.86,650,670,30
221661,00,3.17,580,600,25
221731,00,3.44,540,510,24
221740,00,2.57,590,590,25
221759,00,2.78,650,640,29
221768,00,2.86,NULL,NULL,25
221838,00,2.81,NULL,NULL,NULL
221847,00,3.16,650,600,26
221856,00,3.3,530,480,20
221892,00,3.4,570,590,26
221953,00,3.43,520,520,23
221971,00,3.18,670,680,29
221999,00,2.73,790,780,34
222178,00,3.28,600,580,27
222628,00,3.19,NULL,NULL,NULL
222831,00,2.85,540,520,23
222877,00,3.32,NULL,NULL,NULL
222938,00,3.4,NULL,NULL,NULL
222983,00,2.97,670,660,27
223117,00,2.85,NULL,NULL,NULL
223214,00,3.11,NULL,NULL,NULL
223232,00,2.79,670,660,29
224004,00,2.59,570,550,25
224147,00,2.92,540,520,23
224226,00,2.78,648,656,27
224244,00,2.69,506,512,22
224323,00,2.66,650,680,30
224402,00,2.95,NULL,NULL,NULL
224527,00,2.81,530,520,22
224545,00,2.69,560,540,23
224554,00,3.27,550,540,24
224776,00,2.57,NULL,NULL,NULL
225247,00,3.35,560,550,25
225399,00,2.66,590,580,27
225414,00,2.59,NULL,NULL,NULL
225432,00,2.97,510,480,21
225502,00,2.91,518,490,21
225511,00,2.53,640,610,27
225548,00,3.0,530,520,22
225575,00,2.58,450,450,17
225627,00,2.94,540,520,23
225885,00,3.16,NULL,NULL,NULL
226091,00,2.79,550,530,23
226152,00,2.96,520,491,20
226231,00,3.2,660,640,30
226383,00,3.43,570,560,24
226471,00,2.75,580,560,27
226587,00,3.0,550,540,24
226833,00,3.42,550,540,23
227216,00,2.79,610,600,26
227243,00,3.39,530,490,22
227331,00,3.2,500,490,21
227368,00,3.39,540,510,21
227377,00,3.42,NULL,NULL,NULL
227429,00,2.71,450,440,18
227526,00,3.35,480,460,20
227757,00,2.82,790,760,34
227845,00,3.23,610,610,26
227863,00,3.07,620,590,28
227881,00,3.42,550,540,23
228042,00,3.13,550,540,24
228149,00,3.41,580,570,24
228246,00,3.46,700,690,31
228325,00,3.14,NULL,NULL,NULL
228343,00,2.68,640,640,29
228431,00,3.47,550,540,24
228459,00,3.06,570,560,25
228468,00,2.88,540,550,22
228501,00,3.08,500,490,21
228529,00,2.74,550,530,23
228635,00,3.12,NULL,NULL,NULL
228644,00,3.05,NULL,NULL,NULL
228653,00,3.44,NULL,NULL,NULL
228705,00,2.76,520,490,21
228714,00,2.88,NULL,NULL,NULL
228723,00,3.49,660,630,29
228769,00,2.72,620,580,26
228778,00,3.24,710,670,31
228787,00,3.09,700,670,31
228796,00,2.96,530,500,22
228802,00,3.14,598,560,25
228875,00,2.87,650,620,29
228884,00,3.32,NULL,NULL,NULL
228981,00,3.19,580,560,25
229018,00,2.93,570,550,23
229027,00,3.19,590,570,25
229063,00,2.56,470,450,19
229115,00,2.71,620,590,27
229160,00,2.69,540,550,22
229179,00,2.98,540,530,23
229267,00,2.84,680,690,31
229300,00,3.36,NULL,NULL,NULL
229337,00,3.26,NULL,NULL,NULL
229780,00,2.63,530,510,23
229814,00,3.17,540,540,24
229887,00,3.05,NULL,NULL,NULL
230038,00,2.77,680,680,31
230047,00,2.66,580,590,26
230603,00,3.32,580,570,26
230728,00,2.7,630,610,27
230737,00,2.8,NULL,NULL,NULL
230764,00,3.35,648,620,27
230782,00,2.59,NULL,NULL,NULL
230807,00,3.24,610,610,28
230816,00,3.0,NULL,NULL,NULL
230825,00,3.16,NULL,NULL,NULL
230834,00,2.56,540,520,23
230852,00,3.19,620,620,28
230889,00,3.47,NULL,NULL,NULL
230898,00,2.67,NULL,NULL,NULL
230913,00,3.02,530,540,23
230931,00,2.98,530,520,21
230940,00,2.8,NULL,NULL,NULL
230959,00,2.7,740,740,33
230995,00,3.46,590,570,26
231059,00,3.21,640,650,28
231077,00,3.3,485,500,18
231086,00,3.34,490,490,20
231095,00,2.84,NULL,NULL,NULL
231174,00,3.13,650,640,29
231420,00,3.49,530,520,22
231554,00,3.45,510,500,21
231581,00,3.13,570,560,25
231624,00,2.82,720,740,32
231651,00,2.78,570,630,25
231712,00,3.31,620,630,28
231837,00,2.88,540,520,23
232025,00,3.15,560,560,25
232043,00,3.42,560,568,25
232089,00,3.48,490,490,20
232186,00,2.53,630,620,28
232256,00,3.09,615,600,27
232265,00,3.42,540,550,23
232308,00,2.74,580,640,27
232423,00,2.97,630,620,27
232557,00,3.22,570,570,26
232566,00,3.35,540,550,23
232609,00,2.68,560,550,24
232672,00,3.0,510,550,25
232681,00,2.62,590,620,26
232706,00,2.86,560,570,24
232937,00,3.05,480,480,20
232982,00,3.28,570,560,23
233277,00,2.7,540,540,22
233295,00,3.25,590,590,26
233301,00,3.36,590,610,28
233374,00,2.54,720,690,31
233426,00,2.86,590,600,26
233499,00,3.38,NULL,NULL,NULL
233541,00,3.01,570,550,26
233611,00,2.89,560,570,26
233684,00,2.88,NULL,NULL,NULL
233718,00,2.64,590,620,27
233897,00,3.43,520,530,22
233912,00,2.51,475,545,22
233921,00,3.21,680,640,NULL
234030,00,3.48,600,610,26
234076,00,3.04,740,720,33
234085,00,3.45,630,620,27
234137,00,3.09,NULL,NULL,NULL
234155,00,2.62,445,450,18
234164,00,3.14,420,420,17
234173,00,3.12,570,573,24
234207,00,3.11,720,740,33
234827,00,2.81,550,550,23
234915,00,3.37,NULL,NULL,NULL
235024,00,3.24,NULL,NULL,NULL
235097,00,2.87,550,540,23
235167,00,3.43,580,630,27
235316,00,3.29,650,640,29
235422,00,2.68,NULL,NULL,NULL
235547,00,3.37,NULL,NULL,NULL
235769,00,3.12,547,515,NULL
236133,00,3.04,570,600,28
236230,00,2.83,610,610,28
236328,00,3.37,660,670,30
236452,00,2.85,600,580,25
236577,00,2.94,610,630,28
236595,00,3.37,630,640,29
236896,00,3.4,600,600,27
236939,00,2.96,580,570,25
236948,00,3.39,710,650,30
237011,00,2.79,600,620,28
237057,00,2.63,693,730,32
237066,00,2.76,NULL,NULL,NULL
237118,00,2.91,530,520,24
237136,00,3.1,495,568,26
237181,00,2.82,510,530,24
237215,00,2.8,430,500,21
237312,00,2.98,535,515,24
237330,00,3.27,520,530,24
237358,00,3.32,540,520,23
237367,00,3.14,520,520,23
237385,00,3.13,460,480,21
237525,00,3.09,540,550,24
237640,00,3.0,520,520,23
237783,00,3.48,NULL,NULL,NULL
237792,00,2.77,540,560,24
237899,00,2.61,480,495,22
237932,00,2.95,530,510,24
237950,00,3.06,550,530,24
237969,00,3.38,557,510,25
238032,00,3.34,580,560,26
238078,00,3.17,550,563,24
238193,00,3.35,NULL,NULL,23
238324,00,2.82,NULL,NULL,24
238333,00,2.83,660,710,30
238430,00,3.11,580,550,24
238458,00,2.87,NULL,NULL,26
238476,00,2.89,610,570,27
238573,00,2.91,NULL,NULL,NULL
238616,00,2.71,620,555,25
238661,00,2.73,NULL,NULL,25
238935,00,2.77,NULL,NULL,NULL
238980,00,2.94,440,520,24
239017,00,2.6,NULL,NULL,NULL
239071,00,2.73,540,585,26
239080,00,2.78,NULL,NULL,22
239105,00,2.73,650,630,29
239309,00,3.12,NULL,NULL,NULL
239318,00,3.13,680,640,30
239390,00,2.73,585,575,23
239503,00,2.83,NULL,NULL,NULL
239512,00,2.65,610,630,27
239628,00,2.59,680,630,28
239716,00,2.98,NULL,NULL,27
239743,00,3.45,505,493,23
240107,00,3.07,NULL,NULL,26
240189,00,2.86,600,580,24
240268,00,3.03,NULL,NULL,26
240277,00,3.39,NULL,NULL,25
240329,00,2.76,NULL,NULL,26
240338,00,2.92,585,550,27
240365,00,3.35,NULL,NULL,24
240374,00,2.64,NULL,NULL,23
240417,00,2.9,NULL,NULL,24
240426,00,3.19,NULL,NULL,24
240444,00,2.65,750,650,30
240453,00,3.0,NULL,NULL,24
240462,00,3.34,NULL,NULL,25
240471,00,2.51,NULL,NULL,24
240480,00,2.77,NULL,NULL,25
240727,00,2.8,630,610,27
241100,00,2.7,NULL,NULL,NULL
241128,00,3.24,NULL,NULL,NULL
241191,00,3.23,NULL,NULL,NULL
241216,00,2.98,NULL,NULL,NULL
241225,00,3.47,NULL,NULL,NULL
241331,00,3.34,NULL,NULL,NULL
241377,00,2.76,NULL,NULL,NULL
241386,00,2.67,NULL,NULL,NULL
241395,00,2.95,NULL,NULL,NULL
241410,00,2.65,NULL,NULL,NULL
241614,00,3.32,NULL,NULL,NULL
241739,00,2.93,NULL,NULL,NULL
241766,00,3.48,NULL,NULL,NULL
241951,00,2.99,NULL,NULL,NULL
242617,00,3.3,NULL,NULL,NULL
242626,00,3.1,NULL,NULL,NULL
242635,00,2.86,NULL,NULL,NULL
242644,00,3.41,NULL,NULL,NULL
242653,00,3.14,NULL,NULL,NULL
242662,00,2.58,NULL,NULL,NULL
242680,00,2.86,NULL,NULL,NULL
242699,00,3.48,NULL,NULL,NULL
242705,00,2.86,NULL,NULL,NULL
243106,00,3.14,575,568,NULL
243115,00,2.73,NULL,NULL,NULL
243133,00,3.43,NULL,NULL,NULL
243142,00,2.62,565,568,NULL
243151,00,3.47,630,609,NULL
243179,00,2.61,NULL,NULL,NULL
243197,00,3.28,NULL,NULL,NULL
243203,00,2.68,NULL,NULL,NULL
243212,00,3.23,NULL,NULL,NULL
243221,00,2.85,670,644,NULL
243346,00,3.3,NULL,NULL,NULL
243443,00,3.38,NULL,NULL,NULL
243568,00,3.36,NULL,NULL,NULL
243577,00,2.61,NULL,NULL,NULL
243586,00,2.77,NULL,NULL,NULL
243601,00,3.11,NULL,NULL,NULL
243744,00,3.46,790,780,34
243780,00,2.81,690,630,30
243823,00,3.36,NULL,NULL,NULL
243832,00,2.92,NULL,NULL,NULL
244190,00,2.51,NULL,NULL,NULL
245652,00,3.38,NULL,NULL,NULL
245731,00,3.25,NULL,NULL,NULL
245777,00,3.41,NULL,NULL,NULL
245838,00,3.22,NULL,NULL,NULL
245847,00,3.08,NULL,NULL,NULL
245883,00,3.11,NULL,NULL,NULL
245892,00,2.64,NULL,NULL,NULL
245953,00,3.21,NULL,NULL,NULL
247773,00,3.1,NULL,NULL,NULL
247825,00,3.01,NULL,NULL,NULL
251312,00,3.07,NULL,NULL,NULL
260813,00,3.4,NULL,NULL,NULL
260901,00,3.3,NULL,NULL,NULL
262086,00,2.59,NULL,NULL,NULL
262129,00,3.19,660,720,30
363712,00,3.06,NULL,NULL,NULL
363907,00,3.13,NULL,NULL,NULL
363916,00,2.71,NULL,NULL,NULL
363934,00,2.74,NULL,NULL,NULL
366003,00,3.02,NULL,NULL,NULL
366711,00,2.74,540,530,23
366748,00,2.78,NULL,NULL,NULL
367194,00,3.36,NULL,NULL,NULL
367839,00,3.18,NULL,NULL,NULL
367884,00,2.65,NULL,NULL,NULL
367936,00,3.04,NULL,NULL,NULL
372213,00,3.07,NULL,NULL,NULL
372222,00,2.86,NULL,NULL,NULL
373827,00,3.26,NULL,NULL,NULL
375230,00,3.12,NULL,NULL,NULL
377546,00,2.92,NULL,NULL,NULL
377555,00,2.54,590,560,23
377564,00,3.1,550,540,23
378576,00,3.09,NULL,NULL,NULL
380465,00,2.8,NULL,NULL,NULL
381787,00,3.49,NULL,NULL,NULL
382063,00,3.15,NULL,NULL,NULL
384254,00,3.21,NULL,NULL,NULL
384412,00,3.18,NULL,NULL,NULL
384421,00,3.35,NULL,NULL,NULL
385619,00,3.12,NULL,NULL,NULL
388520,00,2.98,NULL,NULL,NULL
392840,00,2.54,515,600,23
398130,00,3.17,NULL,NULL,NULL
399911,00,3.47,700,640,29
401223,00,2.88,NULL,NULL,NULL
402615,00,3.27,NULL,NULL,NULL
402776,00,3.2,NULL,NULL,NULL
404338,00,2.72,NULL,NULL,NULL
405058,00,2.97,NULL,NULL,NULL
405854,00,3.23,NULL,NULL,NULL
405979,00,3.14,NULL,NULL,NULL
405988,00,3.49,NULL,NULL,NULL
405997,00,2.56,NULL,NULL,NULL
406006,00,2.93,NULL,NULL,NULL
406015,00,3.11,NULL,NULL,NULL
406194,00,3.3,NULL,NULL,NULL
409698,00,3.4,540,540,24
410502,00,2.63,NULL,NULL,NULL
413413,00,3.41,NULL,NULL,NULL
414595,00,3.48,NULL,NULL,NULL
414708,00,2.76,NULL,NULL,NULL
414823,00,3.43,NULL,NULL,NULL
414878,00,2.77,NULL,NULL,NULL
416801,00,3.41,NULL,NULL,NULL
416962,00,2.86,NULL,NULL,NULL
417752,00,2.55,NULL,NULL,NULL
419457,00,2.59,NULL,NULL,NULL
419509,00,3.36,NULL,NULL,NULL
420042,00,2.66,NULL,NULL,NULL
420325,00,3.15,NULL,NULL,NULL
420866,00,3.49,NULL,NULL,NULL
421009,00,3.36,NULL,NULL,NULL
421018,00,3.25,NULL,NULL,NULL
426314,00,2.73,NULL,NULL,NULL
428259,00,3.1,NULL,NULL,NULL
428268,00,3.39,NULL,NULL,NULL
428286,00,2.94,NULL,NULL,NULL
428444,00,2.73,NULL,NULL,NULL
430087,00,3.25,NULL,NULL,NULL
430184,00,2.74,NULL,NULL,NULL
430670,00,2.8,NULL,NULL,NULL
430704,00,3.29,NULL,NULL,NULL
430810,00,3.06,NULL,NULL,NULL
431983,00,2.86,NULL,NULL,NULL
432199,00,3.46,NULL,NULL,NULL
432214,00,2.69,NULL,NULL,NULL
432223,00,3.01,NULL,NULL,NULL
432232,00,3.08,NULL,NULL,NULL
432241,00,2.67,NULL,NULL,NULL
432533,00,3.07,NULL,NULL,NULL
433004,00,2.72,NULL,NULL,NULL
433387,00,2.7,NULL,NULL,NULL
433660,00,2.54,550,550,24
434034,00,2.67,NULL,NULL,NULL
434414,00,2.98,NULL,NULL,NULL
434937,00,3.11,NULL,NULL,NULL
434946,00,2.77,NULL,NULL,NULL
434955,00,2.9,NULL,NULL,NULL
434964,00,3.24,NULL,NULL,NULL
434973,00,2.51,NULL,NULL,NULL
434982,00,3.3,NULL,NULL,NULL
434991,00,2.89,NULL,NULL,NULL
435000,00,3.33,NULL,NULL,NULL
436094,00,2.73,NULL,NULL,NULL
436438,00,2.71,NULL,NULL,NULL
436614,00,3.16,NULL,NULL,NULL
436818,00,2.77,560,560,24
436827,00,2.86,560,550,26
436836,00,3.49,580,550,24
437097,00,2.71,NULL,NULL,NULL
437316,00,2.86,NULL,NULL,NULL
437325,00,2.56,NULL,NULL,NULL
437848,00,3.16,NULL,NULL,NULL
438382,00,2.97,NULL,NULL,NULL
438416,00,3.07,NULL,NULL,NULL
438498,00,2.88,NULL,NULL,NULL
438586,00,3.46,NULL,NULL,NULL
438601,00,3.09,NULL,NULL,NULL
438610,00,2.95,NULL,NULL,NULL
438629,00,2.92,NULL,NULL,NULL
439057,00,3.13,NULL,NULL,NULL
439163,00,2.68,NULL,NULL,NULL
439279,00,3.27,NULL,NULL,NULL
439297,00,3.02,NULL,NULL,NULL
439330,00,2.92,NULL,NULL,NULL
439446,00,2.74,NULL,NULL,NULL
439613,00,3.47,NULL,NULL,NULL
439701,00,2.57,NULL,NULL,NULL
440147,00,3.4,NULL,NULL,NULL
440341,00,3.46,NULL,NULL,NULL
440396,00,2.75,620,670,27
440411,00,3.41,NULL,NULL,NULL
440420,00,2.78,NULL,NULL,NULL
440439,00,2.61,NULL,NULL,NULL
440448,00,3.37,NULL,NULL,NULL
440457,00,2.71,NULL,NULL,NULL
440466,00,2.74,NULL,NULL,NULL
440484,00,3.16,NULL,NULL,NULL
440536,00,3.15,NULL,NULL,NULL
440545,00,2.63,NULL,NULL,NULL
440590,00,2.82,NULL,NULL,NULL
440749,00,2.76,NULL,NULL,NULL
440758,00,3.36,NULL,NULL,NULL
440794,00,3.13,NULL,NULL,NULL
440828,00,2.79,NULL,NULL,NULL
440925,00,3.22,NULL,NULL,NULL
441186,00,3.08,500,480,21
441478,00,3.4,NULL,NULL,NULL
441511,00,3.31,NULL,NULL,NULL
441609,00,3.02,NULL,NULL,NULL
441690,00,2.62,NULL,NULL,NULL
441900,00,3.36,NULL,NULL,NULL
441937,00,2.89,530,530,23
441982,00,2.62,790,760,34
442143,00,3.34,NULL,NULL,NULL
442152,00,3.22,NULL,NULL,NULL
442161,00,3.27,NULL,NULL,NULL
442170,00,2.95,NULL,NULL,NULL
442189,00,2.82,NULL,NULL,NULL
442222,00,3.07,NULL,NULL,NULL
442365,00,3.04,NULL,NULL,NULL
442569,00,2.55,NULL,NULL,NULL
442639,00,2.91,NULL,NULL,NULL
442824,00,3.49,NULL,NULL,NULL
442897,00,2.54,NULL,NULL,NULL
443049,00,2.57,NULL,NULL,NULL
443058,00,3.42,NULL,NULL,NULL
443331,00,3.41,NULL,NULL,NULL
443340,00,3.4,NULL,NULL,NULL
443410,00,2.74,670,668,30
443456,00,2.67,NULL,NULL,NULL
443465,00,2.65,NULL,NULL,NULL
443474,00,2.86,NULL,NULL,NULL
443544,00,3.18,NULL,NULL,NULL
443687,00,2.91,NULL,NULL,NULL
443766,00,2.6,NULL,NULL,NULL
443784,00,3.31,NULL,NULL,NULL
443881,00,2.86,NULL,NULL,NULL
443890,00,3.28,NULL,NULL,NULL
443906,00,3.45,NULL,NULL,NULL
443924,00,3.29,NULL,NULL,NULL
443997,00,3.07,NULL,NULL,NULL
444033,00,3.02,NULL,NULL,NULL
444130,00,3.31,NULL,NULL,NULL
444398,00,2.84,NULL,NULL,NULL
444413,00,3.16,NULL,NULL,NULL
444723,00,3.45,NULL,NULL,NULL
444778,00,2.83,NULL,NULL,NULL
444927,00,3.27,NULL,NULL,NULL
444990,00,3.4,NULL,NULL,NULL
445027,00,2.53,NULL,NULL,NULL
445072,00,2.67,NULL,NULL,NULL
445124,00,2.86,NULL,NULL,NULL
445133,00,3.17,NULL,NULL,NULL
445188,00,2.55,590,550,24
445267,00,3.05,NULL,NULL,NULL
445276,00,2.93,NULL,NULL,NULL
445300,00,2.78,NULL,NULL,NULL
445319,00,2.87,NULL,NULL,NULL
445391,00,2.8,NULL,NULL,NULL
445407,00,3.16,NULL,NULL,NULL
445692,00,3.22,590,590,28
445717,00,3.38,NULL,NULL,NULL
445735,00,3.16,NULL,NULL,NULL
446048,00,3.4,590,620,26
446233,00,2.81,NULL,NULL,NULL
446394,00,2.54,NULL,NULL,NULL
446604,00,2.73,NULL,NULL,NULL
446613,00,2.98,NULL,NULL,NULL
446640,00,3.35,NULL,NULL,NULL
446701,00,2.64,NULL,NULL,NULL
446710,00,3.27,NULL,NULL,NULL
446729,00,2.85,NULL,NULL,NULL
446738,00,2.72,NULL,NULL,NULL
446747,00,2.78,NULL,NULL,NULL
446756,00,2.74,NULL,NULL,NULL
446765,00,3.16,NULL,NULL,NULL
446792,00,3.13,NULL,NULL,NULL
446808,00,2.9,NULL,NULL,NULL
447050,00,3.24,NULL,NULL,NULL
447069,00,3.15,NULL,NULL,NULL
447272,00,3.29,NULL,NULL,NULL
447458,00,3.37,NULL,NULL,NULL
447485,00,2.62,NULL,NULL,NULL
447652,00,2.57,NULL,NULL,NULL
447661,00,3.32,NULL,NULL,NULL
447689,00,3.18,NULL,NULL,NULL
447953,00,3.42,NULL,NULL,NULL
448239,00,3.35,NULL,NULL,NULL
448284,00,2.67,NULL,NULL,NULL
448309,00,2.69,NULL,NULL,NULL
448521,00,3.39,NULL,NULL,NULL
448530,00,3.0,NULL,NULL,NULL
448558,00,2.94,NULL,NULL,NULL
448567,00,3.1,NULL,NULL,NULL
448628,00,3.3,NULL,NULL,NULL
448734,00,2.97,NULL,NULL,NULL
448804,00,3.43,NULL,NULL,NULL
448822,00,3.4,NULL,NULL,NULL
448831,00,3.09,NULL,NULL,NULL
448840,00,3.13,570,590,25
448877,00,3.28,NULL,NULL,NULL
449038,00,3.17,NULL,NULL,NULL
449339,00,2.86,NULL,NULL,NULL
449658,00,2.69,NULL,NULL,NULL
449764,00,3.04,690,630,31
449870,00,2.99,NULL,NULL,NULL
449898,00,2.51,NULL,NULL,NULL
449931,00,3.21,NULL,NULL,NULL
450085,00,2.65,NULL,NULL,NULL
450094,00,2.97,NULL,NULL,NULL
450298,00,2.78,NULL,NULL,NULL
450377,00,2.98,NULL,NULL,NULL
450447,00,3.49,NULL,NULL,NULL
450456,00,2.71,NULL,NULL,NULL
450474,00,3.29,NULL,NULL,NULL
450483,00,2.6,NULL,NULL,NULL
450492,00,2.9,NULL,NULL,NULL
450508,00,3.31,NULL,NULL,NULL
450517,00,2.85,NULL,NULL,NULL
450526,00,2.84,NULL,NULL,NULL
450535,00,3.01,NULL,NULL,NULL
450544,00,3.31,NULL,NULL,NULL
450766,00,3.17,NULL,NULL,NULL
450933,00,2.76,NULL,NULL,NULL
450979,00,2.79,NULL,NULL,NULL
451060,00,3.25,NULL,NULL,NULL
451370,00,2.53,NULL,NULL,NULL
451398,00,2.74,NULL,NULL,NULL
451404,00,2.97,NULL,NULL,NULL
451671,00,2.86,570,580,25
451820,00,2.87,NULL,NULL,NULL
452090,00,2.64,NULL,NULL,NULL
453127,00,2.76,NULL,NULL,NULL
453163,00,3.24,NULL,NULL,NULL
453215,00,3.18,NULL,NULL,NULL
454184,00,3.26,600,630,28
454209,00,2.79,NULL,NULL,NULL
454227,00,3.01,NULL,NULL,NULL
454245,00,3.39,NULL,NULL,NULL
454582,00,2.69,NULL,NULL,NULL
454689,00,2.72,NULL,NULL,NULL
454829,00,2.95,NULL,NULL,NULL
454856,00,3.33,NULL,NULL,NULL
455257,00,3.21,NULL,NULL,NULL
455770,00,2.6,NULL,NULL,NULL
456348,00,3.04,NULL,NULL,NULL
456481,00,3.08,NULL,NULL,NULL
456490,00,2.77,NULL,NULL,NULL
456621,00,2.99,NULL,NULL,NULL
456630,00,3.06,NULL,NULL,NULL
456667,00,3.17,NULL,NULL,NULL
456834,00,3.2,NULL,NULL,NULL
456959,00,2.86,660,700,27
457129,00,2.54,NULL,NULL,NULL
457183,00,2.76,NULL,NULL,NULL
457226,00,2.76,NULL,NULL,NULL
457484,00,3.37,NULL,NULL,NULL
457697,00,3.43,NULL,NULL,NULL
458210,00,3.01,NULL,NULL,NULL
458229,00,2.67,NULL,NULL,NULL
458469,00,3.1,NULL,NULL,NULL
458885,00,2.97,NULL,NULL,NULL
458919,00,3.3,NULL,NULL,NULL
458937,00,3.24,NULL,NULL,NULL
458955,00,2.7,NULL,NULL,NULL
458964,00,3.36,NULL,NULL,NULL
458973,00,2.96,NULL,NULL,NULL
459091,00,3.35,NULL,NULL,NULL
459259,00,2.9,NULL,NULL,NULL
459268,00,2.82,NULL,NULL,NULL
459727,00,2.58,NULL,NULL,NULL
459824,00,3.17,NULL,NULL,NULL
459994,00,3.32,NULL,NULL,NULL
460349,00,3.25,NULL,NULL,NULL
460738,00,2.9,NULL,NULL,NULL
460783,00,3.16,NULL,NULL,NULL
460871,00,2.51,NULL,NULL,NULL
461005,00,2.58,NULL,NULL,NULL
461032,00,3.07,NULL,NULL,NULL
461236,00,3.16,NULL,NULL,NULL
461485,00,3.36,NULL,NULL,NULL
461847,00,2.72,NULL,NULL,NULL
461883,00,2.65,NULL,NULL,NULL
462354,00,3.16,560,610,28
462390,00,2.97,NULL,NULL,NULL
462406,00,2.65,NULL,NULL,NULL
466152,00,3.4,NULL,NULL,NULL
466921,00,3.13,NULL,NULL,NULL
466930,00,3.18,NULL,NULL,NULL
468024,00,3.47,NULL,NULL,NULL
470092,00,3.39,NULL,NULL,NULL
474702,00,3.35,NULL,NULL,NULL
474951,00,3.23,NULL,NULL,NULL
474960,00,3.46,NULL,NULL,NULL
474979,00,2.74,NULL,NULL,NULL
475121,00,3.48,NULL,NULL,NULL
475185,00,3.49,NULL,NULL,NULL
475200,00,2.77,NULL,NULL,NULL
475237,00,2.55,NULL,NULL,NULL
475273,00,3.06,NULL,NULL,NULL
475608,00,3.27,NULL,NULL,NULL
475732,00,3.14,NULL,NULL,NULL
475741,00,2.99,NULL,NULL,NULL
475875,00,2.67,NULL,NULL,NULL
475884,00,3.02,NULL,NULL,NULL
476072,00,2.97,NULL,NULL,NULL
476319,00,3.42,NULL,NULL,NULL
476601,00,3.37,NULL,NULL,NULL
476692,00,3.39,NULL,NULL,NULL
476717,00,3.48,NULL,NULL,NULL
476975,00,2.6,NULL,NULL,NULL
477011,00,2.9,NULL,NULL,NULL
477020,00,2.83,NULL,NULL,NULL
477039,00,3.29,NULL,NULL,NULL
477996,00,3.5,NULL,NULL,NULL
479770,00,3.29,NULL,NULL,NULL
479956,00,3.19,490,600,26
480064,00,2.88,NULL,NULL,NULL
480198,00,2.88,NULL,NULL,NULL
480444,00,2.87,NULL,NULL,NULL
480499,00,3.38,NULL,NULL,NULL
480569,00,3.43,NULL,NULL,NULL
